accuracy,precision,recall,f1,confusion_matrix
0.7666666666666667,0.7357142857142858,0.8442622950819673,0.7862595419847328,"[[81, 37], [19, 103]]"
